Employee Department;Total Actions;Top 3 Operations
Департамент клиентского опыта и развития эффективности малого и микробизнеса, Дирекция развития эффективности ММБ, Отдел информационной поддержки и сопровождения;30667;status (10601), assignee (4967), resolution (3207)
Департамент по развитию клиентской базы ЮЛ, Дирекция по развитию CRM продаж и коммуникациям с ЮЛ и ИП, Управление по развитию CRM продаж и коммуникациям с средним бизнесом;5868;Attachment (1133), status (983), Link (758)
Департамент по развитию клиентской базы ЮЛ, Дирекция по развитию CRM продаж и коммуникациям с ЮЛ и ИП, Управление по развитию CRM продаж и коммуникациям с малым и микро бизнесом, Отдел по развитию CRM продаж и коммуникациям с клиентами ММБ;4196;Attachment (915), Link (853), RemoteIssueLink (421)
Департамент бизнес-маркетинга, Дирекция бизнес-маркетинга малого и микробизнеса;4071;status (1293), assignee (1214), Attachment (1174)
Департамент по управлению эффективностью и реализации проектов информационных технологий, Дирекция информационных технологий в г. Екатеринбурге, Отдел сопровождения и интеграции центральных банковских систем;3379;Ссылка на Базу знаний (1288), Количество статей (333), Объем (237)
Департамент по развитию клиентской базы ЮЛ, Дирекция развития жизненного цикла и персонализации;2206;status (1352), assignee (786), resolution (35)
Цифровой офис корпоративного бизнеса, Дирекция развития цифровых продаж среднего бизнеса, Управление развития цифровых продаж;1271;Attachment (208), Link (184), summary (181)
Департамент развития кредитования малого бизнеса, Дирекция развития кредитных продуктов, Управление развития оборотного кредитования и комиссионных решений;1215;Attachment (252), Текст рассылки или сам макет (207), Link (116)
Департамент по развитию клиентской базы ЮЛ, Управление развития активации и удержания;1198;Attachment (445), Link (411), Текст рассылки или сам макет (70)
Департамент развития программы лояльности и нефинансовых сервисов, Дирекция развития бизнеса с партнерами, Управление по работе с партнерами;1144;Attachment (598), Link (208), status (149)
Дирекция по развитию CRM продаж и коммуникациям с корпоративными клиентами, Управление развития отношений с клиентами среднего и крупного бизнеса;958;Attachment (560), status (113), Link (84)
Департамент развития партнерских продаж и микробизнеса, Управление по технологиям и платформам продаж микробизнеса, Отдел развития технологий продаж;849;Link (349), Описание проекта/задачи бизнеса (145), summary (107)
Департамент разработки и развития расчетных продуктов корпоративного бизнеса, Дирекция развития нефинансовых продуктов и сервисов;784;Attachment (221), Текст рассылки или сам макет (78), Link (67)
Департамент по развитию клиентской базы ЮЛ, Дирекция развития жизненного цикла и персонализации, Отдел развития вторичных цифровых продаж;774;status (399), assignee (325), Link (17)
Департамент развития цифровых каналов юридических лиц, Дирекция развития цифровых сервисов;749;Attachment (385), Link (90), RemoteIssueLink (45)
Департамент бизнес-маркетинга, Управление бизнес-маркетинга крупного и среднего бизнеса;737;Attachment (583), description (46), Link (39)
Департамент бизнес-маркетинга, Дирекция бизнес-маркетинга малого и микробизнеса, Отдел маркетинга продуктовой фабрики;646;status (210), Link (157), Attachment (135)
Департамент разработки и развития расчетных продуктов корпоративного бизнеса, Дирекция развития программы лояльности, Управление интеграции партнерских сервисов;630;assignee (140), labels (118), status (100)
Цифровой офис корпоративного бизнеса, Управление развития цифровых каналов крупного бизнеса;617;description (137), assignee (133), Attachment (98)
Департамент разработки и развития расчетных продуктов корпоративного бизнеса, Дирекция развития нефинансовых продуктов и сервисов, Управление развития сервисов и технологий на основе искусственного интеллекта;608;Link (99), Текст рассылки или сам макет (87), Attachment (66)
Дирекция по развитию CRM продаж и коммуникациям с корпоративными клиентами, Управление развития отношений с клиентами малого бизнеса, Отдел развития отношений с юридическими лицами;591;Link (179), RemoteIssueLink (165), Attachment (127)
Департамент разработки цифровых сервисов, Дирекция разработки онлайн каналов юридических лиц;575;Attachment (195), RemoteIssueLink (125), Link (92)
Департамент по развитию клиентской базы ЮЛ, Отдел развития растранзачивания клиентов;456;status (336), assignee (63), Способ уведомления клиентов (15)
Департамент развития цифровых каналов юридических лиц, Дирекция развития Альфа Бизнес и платформы продаж;411;Link (108), Attachment (100), description (71)
Департамент развития кредитования малого бизнеса, Дирекция развития кредитных продуктов, Управление развития оборотного кредитования и комиссионных решений, Отдел развития оборотных продуктов;403;Attachment (310), assignee (28), description (15)
Департамент развития цифровых каналов юридических лиц, Дирекция развития мобильных приложений;383;Attachment (146), Описание проекта/задачи бизнеса (38), Текст рассылки или сам макет (34)
Департамент развития кредитования малого бизнеса, Дирекция развития кредитных продуктов, Управление развития срочного кредитования и ценообразования, Отдел развития специализированных проектов;377;Attachment (360), summary (8), Comment (2)
Департамент разработки и развития расчетных продуктов корпоративного бизнеса, Дирекция развития прайсинга, Управление тарификации и комплексных предложений;367;Attachment (254), assignee (21), Текст рассылки или сам макет (16)
Цифровой офис корпоративного бизнеса, Дирекция развития цифровых продаж среднего бизнеса;356;Link (94), Attachment (45), summary (43)
Департамент разработки и развития расчетных продуктов корпоративного бизнеса, Дирекция развития программы лояльности, Управление развития корпоративной программы лояльности;345;Attachment (140), description (69), Link (39)
Дирекция развития процессов привлечения и обслуживания зарплатных проектов;326;Attachment (154), description (19), Link (16)
Департамент развития кредитования малого бизнеса, Дирекция развития кредитных продуктов, Управление развития срочного кредитования и ценообразования, Отдел срочного кредитования;325;Attachment (283), description (13), status (7)
Департамент по развитию клиентской базы ЮЛ, Дирекция по развитию CRM продаж и коммуникациям с ЮЛ и ИП, Управление по развитию CRM продаж и коммуникациям с малым и микро бизнесом, Отдел по развитию CRM продаж и коммуникациям с проспектами ММБ;322;Link (87), RemoteIssueLink (87), status (32)
Департамент разработки и развития расчетных продуктов корпоративного бизнеса, Дирекция развития расчетных продуктов;313;Attachment (167), description (61), assignee (17)
Департамент разработки и развития расчетных продуктов корпоративного бизнеса, Дирекция развития и продвижения продуктов и сервисов ВЭД, Отдел развития бизнеса ВЭД;312;Attachment (92), description (27), Текст рассылки или сам макет (27)
Департамент технологического развития малого и микробизнеса, Дирекция технологического развития расчетных продуктов;311;Attachment (126), RemoteIssueLink (62), Link (47)
Департамент онлайн-продаж, Дирекция развития и оптимизации онлайн-трафика, Управление развития реферальной программы;302;Attachment (62), assignee (56), Текст рассылки или сам макет (47)
Департамент разработки и развития расчетных продуктов корпоративного бизнеса, Дирекция сегментированных предложений и инноваций, Управление внедрения отраслевых предложений;294;Текст рассылки или сам макет (73), Attachment (56), assignee (41)
Департамент по развитию клиентской базы ЮЛ, Управление развития активации и удержания, Отдел по развитию удержания клиентов;287;Attachment (52), Текст рассылки или сам макет (36), assignee (35)
Департамент развития цифровых каналов юридических лиц, Управление продуктового дизайна юридических лиц;286;Attachment (67), assignee (56), Описание проекта/задачи бизнеса (54)
Департамент разработки и развития расчетных продуктов корпоративного бизнеса, Дирекция развития накопительных продуктов;276;Attachment (258), status (4), Оценка выполнения (3)
Департамент разработки и развития расчетных продуктов корпоративного бизнеса, Дирекция развития прайсинга, Управление тарификации и комплексных предложений, Отдел тарификации;271;Attachment (239), assignee (10), description (6)
Департамент бизнес-маркетинга, Управление бизнес-маркетинга крупного и среднего бизнеса, Отдел маркетинга цифровых сервисов корпоративного бизнеса;267;Attachment (97), status (73), assignee (50)
Департамент развития эквайринга и платежных сервисов, Дирекция развития торгового эквайринга и сервиса, Управление развития торгового эквайринга, Отдел развития процессов в цифровых каналах;266;Attachment (109), Link (47), RemoteIssueLink (19)
Департамент разработки и развития расчетных продуктов корпоративного бизнеса, Дирекция сегментированных предложений и инноваций, Управление разработки отраслевых предложений;248;Attachment (202), status (9), Оценка выполнения (9)
Департамент развития эквайринга и платежных сервисов, Дирекция развития торгового эквайринга и сервиса, Управление развития процессов сопровождения торгового эквайринга;235;Attachment (176), description (23), summary (16)
Дирекция развития сайта и платформы первичных продаж;233;Link (118), Attachment (31), status (23)
Департамент разработки и развития расчетных продуктов корпоративного бизнеса, Дирекция развития расчетных продуктов, Отдел разработки и развития платежных инструментов;228;Attachment (150), Link (22), Rank (11)
Департамент технологического развития малого и микробизнеса, Управление технологического развития кроссблочных процессов;226;Attachment (135), description (55), Link (18)
Департамент продаж и развития малого и микробизнеса, Дирекция по развитию прямых продаж;226;Attachment (217), description (3), Comment (2)
Департамент развития кредитования малого бизнеса, Дирекция развития процессов и методологии, Управление развития клиентских сервисов и процессов масштабирования портфеля;223;Attachment (91), description (28), summary (14)
Департамент разработки и развития расчетных продуктов корпоративного бизнеса, Управление методологии и тарификации;216;Link (125), status (14), assignee (13)
Департамент по развитию клиентской базы ЮЛ, Дирекция по развитию CRM продаж и коммуникациям с ЮЛ и ИП;214;Attachment (75), Link (48), assignee (30)
Департамент разработки и развития расчетных продуктов корпоративного бизнеса, Дирекция развития и продвижения продуктов и сервисов ВЭД;168;Attachment (34), Текст рассылки или сам макет (14), assignee (13)
Департамент развития кредитования малого бизнеса, Дирекция развития процессов и методологии, Управление развития внешних и инфраструктурных процессов кредитования;158;Attachment (97), Link (10), description (10)
Департамент разработки и развития расчетных продуктов корпоративного бизнеса, Дирекция развития процессов оформления и сопровождения клиента в Банке;147;Attachment (54), Link (22), assignee (16)
Департамент разработки и развития расчетных продуктов корпоративного бизнеса, Дирекция сегментированных предложений и инноваций;146;Attachment (40), Link (25), description (16)
Департамент развития эквайринга и платежных сервисов, Дирекция развития торгового эквайринга и сервиса, Управление поддержки продаж торгового эквайринга, Отдел развития торгового эквайринга в регионах;140;Attachment (103), Текст рассылки или сам макет (9), description (5)
Департамент технологического развития корпоративного бизнеса, Управление технологического развития транзакционного бизнеса и цифровых продаж;139;Attachment (75), RemoteIssueLink (24), Link (7)
Департамент разработки и развития расчетных продуктов корпоративного бизнеса, Дирекция развития расчетных продуктов, Отдел разработки и развития продуктов работы с выручкой;137;Attachment (72), description (17), Текст рассылки или сам макет (6)
Департамент кредитования корпоративного бизнеса, Дирекция развития продуктов и систем принятия кредитных решений, Управление методологии классического кредитования и специальных проектов, Отдел классического кредитования и проектных инициатив;127;RemoteIssueLink (33), Attachment (19), assignee (17)
Департамент развития процессов сервиса и взыскания, Дирекция технологического развития, Управление бизнес-аналитики и администрирования;125;Attachment (87), status (12), Оценка выполнения (12)
Департамент развития кредитования малого бизнеса, Дирекция развития процессов и методологии, Управление развития цифрового кредитования;122;Attachment (33), description (17), RemoteIssueLink (9)
Департамент клиентского опыта и развития эффективности малого и микробизнеса, Дирекция сопровождения клиентов по комплаенс рискам;118;Attachment (41), assignee (36), status (13)
Департамент развития эквайринга и платежных сервисов, Дирекция развития эквайринга, Отдел развития системы быстрых платежей;117;Attachment (61), status (10), assignee (9)
Департамент развития эквайринга и платежных сервисов, Дирекция развития торгового эквайринга и сервиса, Управление развития торгового эквайринга, Отдел разработки и автоматизации процессов торгового эквайринга;114;Attachment (64), description (23), Дата запуска (10)
Департамент развития эквайринга и платежных сервисов, Дирекция развития торгового эквайринга и сервиса, Управление поддержки продаж торгового эквайринга;110;Attachment (48), description (18), Link (7)
Департамент развития эквайринга и платежных сервисов, Дирекция развития эквайринга, Управление массовых выплат, Отдел развития и сопровождения продаж;107;Attachment (70), status (10), Оценка выполнения (10)
Департамент продаж и развития малого и микробизнеса, Дирекция по продажам и развитию микробизнеса, Отдел по агентским продажам и развитию микробизнеса, Группа по классическим партнерским заявкам 2;100;Attachment (59), RemoteIssueLink (8), description (8)
Департамент разработки и развития расчетных продуктов корпоративного бизнеса, Дирекция развития расчетных продуктов, Отдел разработки и развития корпоративных карт;100;Attachment (50), description (16), Link (10)
Департамент развития цифровых каналов юридических лиц, Управление развития платформенных сервисов;100;Attachment (40), Link (15), description (9)
Департамент развития платформы электронной коммерции, Дирекция продаж, Управление цифровых продаж;100;Attachment (59), RemoteIssueLink (7), description (5)
Департамент разработки и развития расчетных продуктов корпоративного бизнеса, Дирекция развития прайсинга, Отдел поддержки и автоматизации РКО;97;Attachment (48), description (18), status (6)
Департамент продаж и развития малого и микробизнеса, Управление координации и аналитики эффективности продаж малого и микробизнеса;95;Attachment (70), Link (10), description (5)
Департамент развития кредитования малого бизнеса, Дирекция развития процессов и методологии, Отдел методологии поточного кредитования;92;Attachment (53), Дата запуска (12), description (7)
Департамент развития цифровых каналов физических лиц, Дирекция развития Альфа-Мобайл;91;RemoteIssueLink (39), Attachment (12), assignee (11)
Департамент розничного инвестиционного бизнеса, Управление технологий, Отдел администрирования;90;status (30), resolution (29), Link (13)
Департамент кредитования корпоративного бизнеса, Дирекция развития продуктов и систем принятия кредитных решений, Управление методологии классического кредитования и специальных проектов, Отдел методологии продуктов и систем принятия решения;88;Attachment (23), assignee (13), Link (12)
Департамент CRM, персонализации и платформенных решений, Дирекция реализации CRM кампаний, Отдел реализации целевых кампаний ММБ;76;Attachment (30), Link (22), assignee (7)
Департамент бизнес-маркетинга, Дирекция бизнес-маркетинга малого и микробизнеса, Управление event-маркетинга;67;Attachment (25), assignee (24), status (17)
Департамент стратегического развития и качества, Дирекция agile трансформации;62;labels (28), status (15), Link (12)
Департамент развития кросс-блочных процессов и предложений для предпринимателей, Управление развития кросс-блочных предложений;61;Attachment (25), assignee (10), Описание проекта/задачи бизнеса (5)
Департамент разработки и поддержки продаж транзакционных продуктов, Дирекция разработки транзакционных продуктов;61;Attachment (26), description (9), Текст рассылки или сам макет (7)
Департамент технологического развития малого и микробизнеса, Управление технологического развития эквайринга и платежных сервисов;58;Link (18), RemoteIssueLink (12), Attachment (10)
Департамент гарантийного бизнеса и контрактного финансирования, Отдел методологии продуктов и проектных инициатив;57;Attachment (40), assignee (3), description (3)
Дирекция развития операционных и CRM-решений, Управление развития операционных и CRM-решений по юридическим лицам;56;Attachment (34), description (9), Link (4)
Департамент клиентского опыта и развития эффективности малого и микробизнеса, Дирекция развития эффективности ММБ;54;Attachment (9), status (8), Комментарий к оценке (5)
Операционный департамент, Дирекция сопровождения расчетов, Управление расчетов;54;Attachment (37), assignee (10), Текст рассылки или сам макет (2)
Операционный департамент, Дирекция сопровождения клиентских операций, Управление поддержки процессов операционно-сервисного обслуживания клиентов, Отдел методологического сопровождения;53;Attachment (44), description (2), status (2)
Департамент разработки и развития расчетных продуктов корпоративного бизнеса, Дирекция развития процессов оформления и сопровождения клиента в Банке, Отдел разработки и улучшений процессов онбординга клиентов;53;Attachment (31), RemoteIssueLink (4), assignee (3)
Департамент развития эквайринга и платежных сервисов, Дирекция развития эквайринга, Отдел интернет-эквайринга;51;Link (15), assignee (10), description (10)
Департамент развития эквайринга и платежных сервисов, Дирекция развития эквайринга, Отдел развития технологий;50;Attachment (32), Link (5), description (3)
"Департамент контента и пользовательского опыта, Управление ""Координация и продюсирование проектов""";50;Link (13), Attachment (11), summary (6)
Департамент продвинутой аналитики, Управление технологий машинного обучения, Центр разработки MLops сервисов;48;Attachment (13), description (10), assignee (5)
Департамент розничного инвестиционного бизнеса, Дирекция развития розничных инвестиций;46;RemoteIssueLink (31), Attachment (15)
Департамент развития цифровых каналов юридических лиц;46;Attachment (19), assignee (12), status (4)
Департамент развития кредитования малого бизнеса, Дирекция развития кредитных продуктов, Управление развития срочного кредитования и ценообразования;44;Attachment (38), reporter (1), status (1)
Департамент бизнес-маркетинга, Дирекция бизнес-маркетинга малого и микробизнеса, Отдел event-маркетинга;44;Attachment (15), Ссылка на лендинг (5), status (4)
Департамент продаж и развития малого и микробизнеса, Дирекция по эффективности вторичных продаж и развитию комиссионных решений;44;Attachment (31), summary (3), Продукты (2)
Департамент разработки и развития расчетных продуктов корпоративного бизнеса, Дирекция развития накопительных продуктов, Отдел разработки и развития накопительных продуктов;42;Attachment (33), assignee (4), Описание проекта/задачи бизнеса (2)
Департамент CRM, персонализации и платформенных решений, Дирекция развития розничных CRM продаж, Управление развития кредитных и транзакционных CRM продаж, Отдел развития транзакционных продуктов;41;Attachment (10), Описание проекта/задачи бизнеса (10), assignee (9)
Департамент дистанционной поддержки клиентов, Дирекция заботы о клиентах, Управление по работе с обращениями от контролирующих органов и клиентов, Группа сопровождения;40;Attachment (23), description (14), summary (3)
Операционный департамент, Дирекция сопровождения клиентских операций, Управление операционного-сервисного обслуживания розничного бизнеса;39;Attachment (23), status (6), Оценка выполнения (6)
Департамент бизнес-маркетинга, Управление исследований и аналитики;38;Attachment (22), assignee (7), Component (2)
Департамент развития эквайринга и платежных сервисов, Дирекция развития эквайринга, Отдел поддержки продуктов электронной коммерции;38;Attachment (37), Comment (1)
Департамент развития партнерских продаж и микробизнеса, Дирекция привлечения ключевых партнеров, Отдел операционной поддержки;38;description (14), Attachment (8), Новость (6)
Департамент развития процессов сервиса и взыскания, Дирекция развития процессов, Управление поддержки и развития процессов доставки и продаж, Отдел процессов сервиса дистанционных продаж;37;Attachment (20), description (9), assignee (3)
Департамент разработки и развития расчетных продуктов корпоративного бизнеса, Дирекция развития процессов оформления и сопровождения клиента в Банке, Отдел оптимизации и развития автоматических процессов;35;Attachment (26), Link (3), description (2)
Департамент развития цифровых каналов юридических лиц, Управление развития API;34;description (8), Attachment (7), assignee (5)
Департамент развития платформы электронной коммерции, Дирекция развития продуктов и процессов, Управление продвижения отраслевых предложений;33;Attachment (12), assignee (4), Способ уведомления клиентов (4)
Департамент развития эквайринга и платежных сервисов, Дирекция развития эквайринга, Управление массовых выплат;33;Link (9), status (4), Количество клиентов (4)
Департамент развития бизнеса и инфраструктуры, Дирекция аналитики, развития продуктов и инфраструктуры инвестиционного бизнеса;33;Attachment (12), Link (8), description (5)
Департамент клиентского опыта и развития эффективности малого и микробизнеса, Дирекция развития эффективности ММБ, Отдел развития отчетности и аналитики ММБ;31;Attachment (23), status (2), Комментарий к оценке (2)
Департамент клиентского опыта и развития эффективности малого и микробизнеса, Дирекция развития клиентского опыта, Отдел методологии и диагностики процессов;30;Attachment (19), status (2), Оценка выполнения (2)
Департамент онлайн-продаж, Дирекция онлайн-продаж, Отдел онлайн-продаж корпоративного бизнеса;28;Описание проекта/задачи бизнеса (10), assignee (7), Link (4)
Департамент технологического развития малого и микробизнеса, Дирекция технологического развития процессов оформления и сопровождения клиента в банке и НФС;28;RemoteIssueLink (17), Attachment (3), description (3)
Департамент развития платформы электронной коммерции, Дирекция продаж, Управление продаж;28;Attachment (21), RemoteIssueLink (2), Цель рассылки для банка (2)
Цифровой офис корпоративного бизнеса, Дирекция развития цифровых продаж среднего бизнеса, Управление развития цифровых каналов среднего бизнеса;27;Attachment (12), description (8), Link (3)
Департамент повышения эффективности операционной деятельности, Управление методологии и операционных рисков, Отдел операционно-сервисной поддержки бизнеса;26;assignee (16), Attachment (3), Comment (2)
Дирекция образовательной платформы для предпринимателей;24;Attachment (15), Текст рассылки или сам макет (3), Куда мы ведем клиента из рассылки/баннера (2)
Департамент развития небанковских сервисов, Дирекция развития страховых продуктов;24;Текст рассылки или сам макет (7), Описание проекта/задачи бизнеса (5), Критерии отбора целевой аудитории (3)
Департамент развития эквайринга и платежных сервисов, Дирекция сопровождения эквайринга;23;Attachment (22), RemoteIssueLink (1)
Департамент развития партнерских продаж и микробизнеса, Управление по продажам и развитию микробизнеса, Отдел развития процессов продаж;23;Attachment (6), assignee (5), summary (3)
Департамент разработки цифровых сервисов, Дирекция автоматизации кредитных розничных продуктов;21;Attachment (6), Link (4), RemoteIssueLink (4)
"Департамент контента и пользовательского опыта, Дирекция ""Коммуникационный дизайн"", Отдел ""Коммуникационный дизайн корпоративного бизнеса""";19;Attachment (15), Comment (2), status (2)
Цифровой офис корпоративного бизнеса, Дирекция развития цифровых продаж среднего бизнеса, Управление развития клиентского опыта;19;Link (5), assignee (4), Attachment (2)
Департамент комплаенс-контроля, Дирекция финансового мониторинга, Управление методологического обеспечения процессов ПОД/ФТ/ФРОМУ, Отдел развития процессов идентификации и оценки риска клиента по ПОД/ФТ/ФРОМУ;18;Attachment (8), Component (6), Текст рассылки или сам макет (2)
Департамент клиентского опыта и координации розничного бизнеса, Дирекция координации и развития розничного бизнеса, Управление методологии и сопровождения розничного бизнеса, Отдел методологии;18;Attachment (7), status (4), Оценка выполнения (4)
Департамент гарантийного бизнеса и контрактного финансирования, Дирекция развития продаж, Управление по развитию и поддержке продаж;16;description (13), Attachment (1), summary (1)
Департамент развития кросс-блочных процессов и предложений для предпринимателей, Отдел развития кросс-блочных процессов;15;Attachment (11), assignee (2), resolution (1)
Департамент развития процессов сервиса и взыскания, Дирекция развития процессов, Отдел процессов сервиса юридических лиц;14;Attachment (14)
Департамент технологического развития корпоративного бизнеса, Дирекция технологического развития инвестиционного бизнеса;14;Link (4), description (3), RemoteIssueLink (2)
Департамент по управлению эффективностью и реализации проектов информационных технологий, Дирекция реализации интеграционных проектов для бизнеса, Отдел аналитики и реализации новых решений;13;Link (4), Attachment (2), RemoteIssueLink (2)
Департамент комплаенс-контроля, Дирекция международного комплаенса, Управление международного комплаенса, Отдел контроля внешних ограничений;12;description (4), Comment (2), summary (2)
Департамент развития программы лояльности и нефинансовых сервисов, Дирекция развития бизнеса с партнерами, Управление развития сервисов партнерских предложений;11;Link (3), Критерии отбора целевой аудитории (3), Охват клиентов в разрезе сегментов (2)
Дирекция образовательной платформы для предпринимателей, Отдел создания образовательного контента;10;Ссылка на лендинг (3), Текст рассылки или сам макет (2), assignee (1)
Департамент технологического развития малого и микробизнеса, Дирекция технологического развития кредитования малого бизнеса, гарантийного бизнеса и партнерского канала;10;Attachment (5), description (4), assignee (1)
Департамент продаж и развития малого и микробизнеса, Дирекция по развитию и обслуживанию клиентов малого и микробизнеса, Управление по развитию отношений с клиентами;9;Attachment (7), description (2)
Департамент технологического развития корпоративного бизнеса, Дирекция технологического развития корпоративного кредитного процесса, Управление развития технологических решений корпоративного кредитного процесса;9;resolution (4), status (4), Comment (1)
Департамент развития малого и микробизнеса в партнерском канале;9;labels (5), Comment (1), assignee (1)
Департамент развития партнерских продаж и микробизнеса, Дирекция привлечения ключевых партнеров;9;Attachment (4), assignee (3), description (1)
Департамент развития онлайн каналов, Дирекция развития цифровых каналов юридических лиц;9;assignee (5), Attachment (4)
Департамент клиентского опыта и развития эффективности малого и микробизнеса, Дирекция развития клиентского опыта, Отдел развития клиентского опыта в каналах привлечения и обслуживания;9;Link (5), Attachment (1), Comment (1)
Департамент развития программы лояльности и нефинансовых сервисов, Дирекция развития бизнеса с партнерами, Управление развития сервисов партнерских предложений, Отдел интеграции партнеров;8;Attachment (5), Описание проекта/задачи бизнеса (2), RemoteIssueLink (1)
Департамент развития процессов сервиса и взыскания, Дирекция развития процессов, Управление поддержки и развития процессов сервиса, Отдел процессов сервиса юридических лиц;8;Attachment (6), status (1), Оценка выполнения (1)
Операционный департамент, Дирекция сопровождения кредитных и транзакционных сделок, Управление методологического обеспечения и контроля процессов, Отдел методологии и развития процессов валютного контроля;8;description (5), Attachment (3)
Департамент по управлению эффективностью и реализации проектов информационных технологий, Дирекция информационных технологий в г. Санкт-Петербурге, Управление технологического развития малого и микробизнеса;8;RemoteIssueLink (6), Описание проекта/задачи бизнеса (2)
Департамент клиентского опыта и развития эффективности малого и микробизнеса, Дирекция развития клиентского опыта;7;status (3), Attachment (2), Link (1)
Управление продуктовой аналитики и координации развития цифровых каналов;7;Attachment (5), description (1), Ответственные (1)
Операционный департамент, Дирекция сопровождения клиентских операций, Управление поддержки процессов операционно-сервисного обслуживания клиентов, Отдел поддержки корпоративных клиентов;7;Attachment (7)
Департамент технологического развития корпоративного бизнеса, Дирекция технологического развития корпоративного кредитного процесса, Управление аналитики корпоративного кредитного процесса;6;RemoteIssueLink (5), description (1)
Департамент технологического развития корпоративного бизнеса, Дирекция технологического развития инвестиционного бизнеса, Управление технологий фронт-офиса ИБ;6;description (3), RemoteIssueLink (1), resolution (1)
Департамент разработки и развития расчетных продуктов корпоративного бизнеса, Дирекция сегментированных предложений и инноваций, Управление продвижения отраслевых предложений;6;Attachment (3), assignee (2), description (1)
Дирекция по развитию розничных продаж, Управление развития эффективности сотрудников, Отдел обеспечения эффективности сотрудников;6;Attachment (6)
Департамент дистанционной поддержки клиентов, Дирекция телефонных продаж, Управление продаж ЮЛ;6;Attachment (6)
Департамент развития эквайринга и платежных сервисов, Дирекция развития торгового эквайринга и сервиса, Управление развития торгового эквайринга, Отдел развития платежных решений;6;Attachment (2), RemoteIssueLink (2), Comment (1)
Департамент развития транзакционных продуктов, Дирекция развития дебетовых продуктов, Управление разработки дебетовых продуктов;6;Attachment (4), Epic Link (1), Link (1)
Департамент развития эквайринга и платежных сервисов, Дирекция развития торгового эквайринга и сервиса, Управление развития процессов сопровождения торгового эквайринга, Отдел контроля подключения и сервисного обслуживания торгового эквайринга;6;description (6)
Департамент разработки и поддержки продаж транзакционных продуктов, Дирекция развития продаж продуктов электронной коммерции и платежных сервисов, Управление развития продаж продуктов электронной коммерции и торгового эквайринга среднего бизнеса;5;Attachment (2), description (1), Бриф по маркетинговым материалам (1)
Дирекция развития ботов и виртуальных ассистентов, Управление развития цифровых диалоговых систем;4;Attachment (3), description (1)
Департамент развития эквайринга и платежных сервисов, Дирекция продаж продуктов электронной коммерции;4;RemoteIssueLink (4)
Департамент продаж и развития малого и микробизнеса, Дирекция по развитию и обслуживанию клиентов малого и микробизнеса, Управление по развитию отношений с клиентами, Отдел по развитию отношений с клиентами в регионах;3;Attachment (3)
Департамент разработки цифровых сервисов, Дирекция автоматизации нефинансовых и инвестиционных сервисов;3;Link (2), RemoteIssueLink (1)
Дирекция предотвращения кибермошенничества, Управление фрод мониторинга, Отдел мониторинга ДБО юридических лиц;3;status (1), Комментарий к оценке (1), Оценка выполнения (1)
Департамент управления сетью, Дирекция развития и трансформации сети, Отдел трансформации сети;3;Attachment (1), Дата запуска (1), Нужно обновление (1)
Операционный департамент, Дирекция налично-денежного обращения, Управление поддержки и развития процессов налично-денежного обращения, Отдел развития процессов;3;Attachment (1), Link (1), summary (1)
Департамент кибербезопасности, Дирекция безопасности инфраструктуры, Управление сопровождения систем кибербезопасности, Отдел сопровождения систем защиты от кибератак;3;description (3)
Департамент вторичных продаж розничным клиентам и персонализации, Дирекция персонализации и оптимизации продаж, Отдел бизнес-персонализации;3;assignee (3)
Департамент повышения эффективности операционной деятельности, Дирекция процессов и аналитики, Управление эффективности процессов сопровождения расчетов и налично-денежного обращения, Отдел эффективности сопровождения расчетов;3;Охват клиентов в разрезе сегментов (2), Link (1)
Департамент клиентского опыта и координации розничного бизнеса, Дирекция развития клиентского опыта, Управление улучшения клиентского опыта и внедрения сервис-дизайна;3;Attachment (1), Link (1), description (1)
Департамент операций на финансовых рынках, Дирекция валютно-финансовых операций, Управление клиентских операций, Отдел продаж производных финансовых инструментов;3;Attachment (3)
Департамент продаж и развития малого и микробизнеса, Дирекция по эффективности вторичных продаж, Отдел развития страховых и комиссионных решений;2;status (1), Оценка выполнения (1)
Департамент развития кросс-блочных процессов и предложений для предпринимателей;2;resolution (1), status (1)
Департамент кредитования корпоративного бизнеса, Дирекция факторинга корпоративного бизнеса, Управление развития клиентских сервисов факторинга;2;summary (1), Ценность для клиента (1)
Департамент по развитию клиентской базы ЮЛ, Дирекция по развитию CRM продаж и коммуникациям с ЮЛ и ИП, Управление по развитию CRM продаж и коммуникациям с малым и микро бизнесом;2;resolution (1), status (1)
Департамент по управлению эффективностью и реализации проектов информационных технологий, Дирекция информационных технологий в г. Санкт-Петербурге, Центр разработки цифровых сервисов;2;Attachment (1), Link (1)
Департамент клиентского опыта и развития эффективности малого и микробизнеса, Дирекция развития клиентского опыта, Отдел улучшения клиентского опыта в продуктах и процессах;2;assignee (1), Описание проекта/задачи бизнеса (1)
Департамент развития платформы электронной коммерции, Дирекция продаж, Управление развития и обслуживания;2;RemoteIssueLink (2)
Департамент развития процессов сервиса и взыскания, Дирекция технологического развития, Управление бизнес-аналитики и администрирования, Отдел бизнес-аналитики сервиса;2;description (1), Ссылка в Базе знаний (1)
Департамент разработки банковских систем, Дирекция развития систем операционных процессов;2;Link (2)
Департамент развития эквайринга и платежных сервисов, Дирекция развития торгового эквайринга и сервиса, Управление поддержки продаж торгового эквайринга, Отдел развития торгового эквайринга в регионах, Группа региональной поддержки торгового эквайринга;2;Attachment (2)
Департамент продаж и развития малого и микробизнеса, Дирекция по развитию и обслуживанию клиентов малого и микробизнеса, Управление по развитию сети обслуживания юридических лиц;2;Attachment (2)
Департамент развития эквайринга и платежных сервисов, Дирекция продаж продуктов электронной коммерции, Отдел развития процессов поддержки продаж;2;RemoteIssueLink (2)
Операционный департамент, Дирекция сопровождения клиентских операций, Управление поддержки процессов операционно-сервисного обслуживания клиентов, Отдел поддержки процессов;2;Attachment (2)
Департамент разработки и развития расчетных продуктов корпоративного бизнеса, Дирекция развития расчетных продуктов, Управление разработки и развития продуктов ВЭД;2;description (1), Соисполнитель (1)
Дирекция разработки технологических продуктов на базе искусственного интеллекта, Центр внедрения и повышения эффективности использования искусственного интеллекта;2;Attachment (2)
Департамент развития эквайринга и платежных сервисов, Дирекция развития торгового эквайринга и сервиса, Управление технической экспертизы и сопровождения проектов, Отдел технической экспертизы торгового эквайринга;2;Attachment (2)
Департамент повышения эффективности операционной деятельности, Управление методологии и операционных рисков, Отдел контроля и мониторинга операционных рисков;1;Attachment (1)
"Департамент контента и пользовательского опыта, Дирекция ""Alfa Research Center"", Управление ""Продуктовая редакция"", Отдел ""UX-редакция""";1;Attachment (1)
Департамент по управлению эффективностью и реализации проектов информационных технологий, Дирекция информационных технологий в г. Екатеринбурге, Центр разработки цифровых сервисов;1;RemoteIssueLink (1)
Департамент клиентского опыта и развития эффективности малого и микробизнеса, Дирекция развития клиентского опыта, Отдел развития клиентского опыта;1;Текст рассылки или сам макет (1)
Департамент бизнес-маркетинга, Дирекция бизнес-маркетинга розничного бизнеса, Отдел маркетинга «Альфа-Выгодно»;1;Attachment (1)
Департамент CRM, персонализации и платформенных решений, Дирекция CRM аналитики, Управление CRM аналитики юридический лиц;1;Attachment (1)
Департамент CRM, персонализации и платформенных решений, Дирекция развития розничных CRM продаж, Управление развития некредитных и партнерских CRM продаж, Отдел развития партнерских программ;1;assignee (1)
Департамент CRM, персонализации и платформенных решений, Дирекция реализации CRM кампаний, Управление реализации целевых кампаний ФЛ, Отдел реализации кредитных целевых кампаний;1;assignee (1)
Департамент информационных технологий, Дирекция по управлению эффективностью и реализации проектов информационных технологий, Управление проектной деятельности информационных технологий;1;description (1)
Департамент дистанционной поддержки клиентов, Дирекция дистанционного обслуживания, Управление по обслуживанию юридических лиц, Отдел поддержки корпоративных клиентов;1;Attachment (1)
Департамент онлайн-продаж, Дирекция развития и оптимизации онлайн-трафика, Отдел маркетинга игровых механик;1;description (1)
Департамент продаж и развития среднего бизнеса, Отдел продаж зарплатных проектов;1;RemoteIssueLink (1)
Департамент развития бизнеса и инфраструктуры, Дирекция аналитики, развития продуктов и инфраструктуры инвестиционного бизнеса, Управление бизнес-анализа продуктов и инфраструктуры инвестиционного бизнеса;1;Link (1)
Департамент по разработке моделей, Дирекция продвинутой аналитики юридических лиц;1;Attachment (1)
Департамент продаж и развития малого и микробизнеса, Дирекция по развитию прямых продаж, Отдел эффективности прямых продаж;1;description (1)
Департамент разработки банковских систем, Дирекция развития центральных банковских систем, Управление разработки центральных банковских систем;1;Attachment (1)
Департамент развития платформы электронной коммерции, Дирекция развития продуктов и процессов, Управление развития продуктов;1;description (1)
Департамент развития цифровых каналов физических лиц;1;Comment (1)
Департамент развития цифровых каналов физических лиц, Управление продуктового дизайна физических лиц;1;Attachment (1)
Департамент сопровождения информационных технологий, Дирекция сопровождения информационных систем, Управление технической экспертизы процессов розничного бизнеса, Отдел технической экспертизы зарплатных систем;1;Link (1)
Департамент сопровождения информационных технологий, Дирекция сопровождения информационных систем, Управление технической экспертизы процессов дистанционного банковского обслуживания юридических лиц, Отдел технической экспертизы сервисных приложений;1;Attachment (1)
Департамент сопровождения информационных технологий, Дирекция инфраструктурных и пользовательских сервисов, Управление сопровождения персональной вычислительной техники, Отдел систем управления компьютерной техникой;1;RemoteIssueLink (1)
Департамент сопровождения информационных технологий, Дирекция сопровождения и интеграции центральных банковских систем, Управление функциональной экспертизы центральных банковских систем, Отдел функциональной экспертизы ЦБС;1;RemoteIssueLink (1)
Департамент разработки цифровых сервисов, Дирекция автоматизации расчетных розничных продуктов;1;description (1)
Департамент розничного инвестиционного бизнеса, Управление развития брокерских продуктов;1;Описание проекта/задачи бизнеса (1)
Департамент технологического развития малого и микробизнеса;1;RemoteIssueLink (1)
Управление продуктовой аналитики и координации развития цифровых каналов, Центр цифровой продуктовой аналитики;1;Attachment (1)
